workload,variant,structure,n,time_ms,steps,moves,comparisons
W1,none,DynamicArray,100,0.4238,10000,0,0
W1,none,MyLinkedList,100,0.7441,255745,0,0
W2,none,DynamicArray,100,0.3744,75861,0,75861
W2,none,MyLinkedList,100,0.3255,75861,0,75861
W3,head,DynamicArray,100,3.4399,1201120,1201120,0
W3,head,MyLinkedList,100,0.0576,1000,5000,0
W3,middle,DynamicArray,100,0.1240,1101120,1101120,0
W3,middle,MyLinkedList,100,0.1828,101999,6000,0
W4,none,MinHeap,100,0.1301,2248,1796,1503
W1,none,DynamicArray,1000,0.0964,10000,0,0
W1,none,MyLinkedList,1000,2.6684,2497236,0,0
W2,none,DynamicArray,1000,0.2278,734862,0,734862
W2,none,MyLinkedList,1000,1.0539,734862,0,734862
W3,head,DynamicArray,1000,0.1649,3001280,3001280,0
W3,head,MyLinkedList,1000,0.0297,1000,5000,0
W3,middle,DynamicArray,1000,0.1296,2001280,2001280,0
W3,middle,MyLinkedList,1000,1.1477,1001999,6000,0
W4,none,MinHeap,1000,0.2906,35668,28040,24826
W1,none,DynamicArray,10000,0.0916,10000,0,0
W1,none,MyLinkedList,10000,29.9468,25125556,0,0
W2,none,DynamicArray,10000,2.1898,7520612,0,7520612
W2,none,MyLinkedList,10000,10.5808,7520612,0,7520612
W3,head,DynamicArray,10000,0.7219,21010240,21010240,0
W3,head,MyLinkedList,10000,0.0126,1000,5000,0
W3,middle,DynamicArray,10000,0.4109,11010240,11010240,0
W3,middle,MyLinkedList,10000,12.1184,10001999,6000,0
W4,none,MinHeap,10000,1.2321,488586,378470,347554
W1,none,DynamicArray,100000,0.0973,10000,0,0
W1,none,MyLinkedList,100000,305.2728,248896755,0,0
W2,none,DynamicArray,100000,35.2960,74681441,0,74681441
W2,none,MyLinkedList,100000,126.9707,74681441,0,74681441
W3,head,DynamicArray,100000,11.1517,201000000,201000000,0
W3,head,MyLinkedList,100000,0.0102,1000,5000,0
W3,middle,DynamicArray,100000,5.5873,101000000,101000000,0
W3,middle,MyLinkedList,100000,122.1431,100001999,6000,0
W4,none,MinHeap,100000,8.6987,6218594,4786331,4475003
